Index,Value
5,15.590856516880258
10,24.882246014959875
15,26.370319584344852
20,10.288753861972182
25,30.96065814395901
30,8.158369457339388
35,19.230963767285484
40,16.74422883689948
45,23.355832635677316
