Feature,Importance
Feature 5,0.3935087
Feature 18,0.14786379
Feature 14,0.08440211
Feature 1,0.03509729
Feature 11,0.029086161
Feature 0,0.028036248
Feature 19,0.027057115
Feature 3,0.025803862
Feature 16,0.024448456
Feature 13,0.02411361
Feature 2,0.02324019
Feature 7,0.022740183
Feature 10,0.020351507
Feature 12,0.01891517
Feature 17,0.017710917
Feature 8,0.016953195
Feature 9,0.01682562
Feature 4,0.016295047
Feature 6,0.015148784
Feature 15,0.012402036
